Station,Event,SAMPLE_ID,START_DEPTH,Oxy_CTD_P,Oxy_CTD_S,Oxy_W_Rep1,Oxy_W_Rep2
HL_02,1,490270,147.739,4.7416,4.7514,4.942,4.939
HL_02,1,490271,102.779,6.3035,6.3413,,
HL_02,1,490272,82.583,6.5815,6.5935,,
HL_02,1,490273,62.59,6.6987,6.7847,,
HL_02,1,490274,52.423,6.8841,6.9842,,
HL_02,1,490275,42.432,7.5316,7.6139,,
HL_02,1,490276,32.016,7.9603,8.027,,
HL_02,1,490277,22.608,7.9559,8.0266,,
HL_02,1,490278,12.109,7.9228,8.045,8.111,
HL_02,1,490279,2.305,7.9461,8.0462,,
HL_02,1,490280,2.72,7.9312,8.0346,,
YL_01,7,490281,70.632,6.7187,6.8007,6.928,6.949
YL_01,7,490282,62.677,6.7716,6.799,,
YL_01,7,490283,52.522,6.7996,6.864,,
YL_01,7,490284,42.516,6.8081,6.9093,,
YL_01,7,490285,32.82,6.8699,6.9311,,
YL_01,7,490286,22.817,6.9558,6.9957,,
YL_01,7,490287,12.65,6.9353,7.0176,7.157,
YL_01,7,490288,3.199,6.967,7.0146,,
YL_01,7,490289,3.274,6.9572,7.0281,,
YL_02,8,490290,122.54,5.0338,5.1104,5.233,
YL_02,8,490291,102.863,5.0598,5.1286,,
YL_02,8,490292,82.571,5.0913,5.1696,,
YL_02,8,490293,63.064,5.55,5.632,,
YL_02,8,490294,52.927,5.8088,5.8685,,
YL_02,8,490295,43.018,6.237,6.2923,,
YL_02,8,490296,33.053,6.34,6.409,,
YL_02,8,490297,23.644,6.4741,6.5701,,
YL_02,8,490298,13.389,6.5194,6.577,6.7,6.578
YL_02,8,490299,2.603,6.5092,6.6036,,
YL_02,8,490300,2.5,6.549,6.6067,,
YL_03,12,490301,201.985,3.7652,3.8109,3.945,3.959
YL_03,12,490302,150.324,3.9174,3.9754,,
YL_03,12,490303,100.429,4.9244,4.9499,,
YL_03,12,490304,81.18,5.4923,5.5689,,
YL_03,12,490305,61.175,6.4397,6.5032,,
YL_03,12,490306,51.235,6.4437,6.5463,,
YL_03,12,490307,41.282,6.4879,6.5644,,
YL_03,12,490308,31.278,6.5325,6.586,,
YL_03,12,490309,21.259,6.5353,6.6038,,
YL_03,12,490310,11.283,6.5308,6.6204,,
YL_03,12,490311,4.05,6.5421,6.6165,6.759,
YL_03,12,490312,4.196,6.5415,6.6172,,
YL_04,13,490313,235.993,3.3386,3.3712,3.538,
YL_04,13,490314,152.155,3.92,3.9804,,
YL_04,13,490315,102.178,5.149,5.2181,,
YL_04,13,490316,81.861,5.7325,5.7877,,
YL_04,13,490317,61.882,6.5768,6.6176,,
YL_04,13,490318,51.776,6.7181,6.7914,,
YL_04,13,490319,41.889,6.7403,6.8143,,
YL_04,13,490320,31.731,6.7372,6.8342,,
YL_04,13,490321,21.864,6.7327,6.8362,,
YL_04,13,490322,11.909,6.725,6.8227,6.968,6.965
YL_04,13,490323,3.035,6.7566,6.826,,
YL_04,13,490324,3.236,6.7551,6.8253,,
YL_05,16,490325,172.123,3.9934,4.0305,3.732,2.906
YL_05,16,490326,151.402,4.6356,4.6456,,
YL_05,16,490327,99.017,5.7466,5.7587,,
YL_05,16,490328,81.508,5.7354,5.7509,,
YL_05,16,490329,61.636,6.4817,6.5289,,
YL_05,16,490330,51.53,6.6473,6.7086,,
YL_05,16,490331,41.553,6.891,6.9269,,
YL_05,16,490332,31.568,7.0261,7.0495,,
YL_05,16,490333,21.553,7.0086,7.0624,,
YL_05,16,490334,11.571,7.0618,7.0971,7.047,
YL_05,16,490335,2.247,7.0864,7.1124,,
YL_05,16,490336,2.338,7.0629,7.1164,,
YL_06,17,490337,142.184,5.9994,6.0301,6.254,
YL_06,17,490338,100.944,6.0944,6.1379,,
YL_06,17,490339,81.624,6.5327,6.5872,,
YL_06,17,490340,61.814,6.7293,6.7651,,
YL_06,17,490341,51.585,6.9911,6.9975,,
YL_06,17,490342,41.402,7.0082,7.0362,,
YL_06,17,490343,31.512,7.0436,7.0774,,
YL_06,17,490344,21.523,7.038,7.0382,,
YL_06,17,490345,11.704,6.9822,7.045,7.223,7.226
YL_06,17,490346,1.89,7.0722,7.0942,,
YL_06,17,490347,1.853,7.0055,7.0692,,
YL_07,20,490348,149.207,5.6879,5.7085,5.916,5.905
YL_07,20,490349,100.762,6.0849,6.1534,,
YL_07,20,490350,80.651,6.423,6.4689,,
YL_07,20,490351,61.173,6.6786,6.6996,,
YL_07,20,490352,51.296,6.8422,6.8713,,
YL_07,20,490353,41.314,6.8565,6.9271,,
YL_07,20,490354,31.281,6.8913,6.9408,,
YL_07,20,490355,21.272,6.9351,6.9784,,
YL_07,20,490356,11.267,6.9646,6.9765,7.154,
YL_07,20,490357,2.603,6.9376,6.9834,,
YL_07,20,490358,2.625,6.9508,6.9757,,
YL_08,21,490359,148.823,6.4842,6.4953,6.683,
YL_08,21,490360,101.338,6.482,6.5324,,
YL_08,21,490361,81.869,6.5411,6.5804,,
YL_08,21,490362,61.916,6.5937,6.6239,,
YL_08,21,490363,51.815,6.7904,6.7934,,
YL_08,21,490364,41.842,6.8992,6.9287,,
YL_08,21,490365,31.968,6.9439,6.9715,,
YL_08,21,490366,21.943,6.9842,7.0239,,
YL_08,21,490367,11.96,7.0131,7.0232,7.222,7.209
YL_08,21,490368,2.677,6.9971,7.0203,,
YL_08,21,490369,2.844,6.9981,7.0174,,
YL_09,24,490370,80.532,6.3709,6.4192,6.59,6.605
YL_09,24,490371,80.375,6.3888,6.4225,,
YL_09,24,490372,62.406,6.5359,6.5933,,
YL_09,24,490373,52.442,6.9858,7.0316,,
YL_09,24,490374,42.502,7.0481,7.0943,,
YL_09,24,490375,32.403,7.1293,7.1355,,
YL_09,24,490376,22.515,7.1174,7.1759,,
YL_09,24,490377,12.531,7.2309,7.2358,7.409,
YL_09,24,490378,2.475,7.2246,7.2638,,
YL_09,24,490379,2.74,7.2178,7.257,,
YL_10,25,490380,116.491,6.54,6.5548,6.745,
YL_10,25,490381,82.663,6.6161,6.6364,,
YL_10,25,490382,62.505,6.7259,6.7317,,
YL_10,25,490383,52.579,7.1527,7.1804,,
YL_10,25,490384,42.503,7.3835,7.4159,,
YL_10,25,490385,32.455,7.4691,7.5034,,
YL_10,25,490386,22.774,7.5243,7.5299,,
YL_10,25,490387,12.458,7.5084,7.5448,7.695,7.7
YL_10,25,490388,3.343,7.5002,7.5468,,
YL_10,25,490389,3.267,7.5431,7.5431,,
PL_01,28,490390,126.262,6.503,6.5016,6.662,6.678
PL_01,28,490391,102.925,6.4684,6.5195,,
PL_01,28,490392,82.865,6.5053,6.5366,,
PL_01,28,490393,63.503,6.5627,6.6061,,
PL_01,28,490394,53.244,6.6621,6.7125,,
PL_01,28,490395,43.456,6.8677,6.8755,,
PL_01,28,490396,33.338,7.146,7.0942,,
PL_01,28,490397,23.507,7.367,7.4161,,
PL_01,28,490398,13.16,7.4224,7.4387,7.575,
PL_01,28,490399,3.503,7.4121,7.4631,,
PL_01,28,490400,3.355,7.4005,7.4715,,
PL_02,29,490401,161.664,6.215,6.2624,6.428,
PL_02,29,490402,101.328,6.4794,6.523,,
PL_02,29,490403,83.422,6.518,6.5765,,
PL_02,29,490404,60.515,6.615,6.6651,,
PL_02,29,490405,50.69,6.6394,6.7008,,
PL_02,29,490406,40.597,6.6588,6.7005,,
PL_02,29,490407,30.728,6.6558,6.7052,,
PL_02,29,490408,21.179,6.6395,6.709,,
PL_02,29,490409,11.788,6.6311,6.7096,6.843,6.808
PL_02,29,490410,2.911,6.6417,6.6958,,
PL_02,29,490411,3.131,6.6384,6.7009,,
PL_03,32,490412,167.255,5.9689,6.027,6.214,6.191
PL_03,32,490413,149.621,6.179,6.2105,,
PL_03,32,490414,100.031,6.1832,6.2317,,
PL_03,32,490415,79.298,6.3746,6.435,,
PL_03,32,490416,59.96,6.6113,6.6485,,
PL_03,32,490417,50.199,6.6188,6.646,,
PL_03,32,490418,39.3,6.6429,6.6607,,
PL_03,32,490419,29.44,6.619,6.6614,,
PL_03,32,490420,19.961,6.6346,6.6774,,
PL_03,32,490421,9.55,6.658,6.6609,6.814,
PL_03,32,490422,4.316,6.6156,6.6504,,
PL_03,32,490423,4.059,6.6005,6.6706,,
PL_04,33,490424,195.154,4.0771,4.0944,4.278,
PL_04,33,490425,151.258,5.4377,5.4227,,
PL_04,33,490426,100.695,6.2978,6.3307,,
PL_04,33,490427,79.925,6.4049,6.4403,,
PL_04,33,490428,60.268,6.5758,6.6237,,
PL_04,33,490429,49.701,6.6167,6.6487,,
PL_04,33,490430,40.521,6.632,6.6567,,
PL_04,33,490431,30.62,6.6066,6.6579,,
PL_04,33,490432,20.554,6.6376,6.6583,,
PL_04,33,490433,10.361,6.6393,6.6835,6.817,6.844
PL_04,33,490434,4.069,6.6715,6.6739,,
PL_04,33,490435,3.644,6.6642,6.6782,,
PL_05,36,490436,185.584,4.4198,4.4751,4.599,4.602
PL_05,36,490437,101.538,6.1479,6.2002,,
PL_05,36,490438,82.49,6.3722,6.41,,
PL_05,36,490439,63.495,6.6752,6.7371,,
PL_05,36,490440,53.075,6.8214,6.8651,,
PL_05,36,490441,43.429,6.8065,6.862,,
PL_05,36,490442,33.598,6.8101,6.8834,,
PL_05,36,490443,23.974,6.827,6.8755,,
PL_05,36,490444,13.863,6.827,6.8727,7.013,
PL_05,36,490445,3.703,6.8661,6.878,,
PL_05,36,490446,3.586,6.8505,6.8875,,
PL_06,37,490447,190.289,3.8158,3.8336,3.965,
PL_06,37,490448,151.808,4.0515,4.07,,
PL_06,37,490449,100.843,5.3605,5.388,,
PL_06,37,490450,81.78,6.2137,6.2434,,
PL_06,37,490451,62.373,6.732,6.7523,,
PL_06,37,490452,52.177,6.7695,6.8274,,
PL_06,37,490453,42.338,6.8044,6.8526,,
PL_06,37,490454,32.739,6.8009,6.8597,,
PL_06,37,490455,22.022,6.842,6.8649,,
PL_06,37,490456,11.891,6.8194,6.8832,7.018,6.316
PL_06,37,490457,2.582,6.8412,6.8688,,
PL_06,37,490458,2.553,6.8292,6.8689,,
PL_07,40,490459,292.508,3.5469,3.5872,3.712,3.718
PL_07,40,490460,251.896,3.5951,3.623,2.81,
PL_07,40,490461,151.022,3.6696,3.706,,
PL_07,40,490462,102.068,4.6955,4.7346,,
PL_07,40,490463,81.059,5.486,5.5395,,
PL_07,40,490464,62.296,6.5124,6.5692,,
PL_07,40,490465,51.716,6.7994,6.8405,,
PL_07,40,490466,42.001,6.8855,6.9645,,
PL_07,40,490467,31.773,6.9972,7.074,,
PL_07,40,490468,22.04,6.9986,7.0839,,
PL_07,40,490469,11.848,7.0054,7.0974,3.977,
PL_07,40,490470,3.681,7.0171,7.1076,,
PL_07,40,490471,3.693,7.0221,7.1001,,
PL_08,41,490472,321.627,3.9488,3.9787,3.132,
PL_08,41,490473,249.967,3.9192,3.9548,3.941,
PL_08,41,490474,151.356,3.93,3.9772,,
PL_08,41,490475,101.268,4.6107,4.6626,,
PL_08,41,490476,81.262,5.1865,5.2077,,
PL_08,41,490477,61.286,5.8004,5.832,,
PL_08,41,490478,51.669,6.5873,6.6276,,
PL_08,41,490479,41.696,7.0451,7.0993,,
PL_08,41,490480,31.961,7.0475,7.113,,
PL_08,41,490481,21.835,7.0876,7.1332,,
PL_08,41,490482,11.409,7.1416,7.1574,7.323,7.321
PL_08,41,490483,3.213,7.155,7.2181,,
PL_08,41,490484,4.003,7.2028,7.2065,,
PL_09,44,490485,259.439,3.5349,3.5504,3.597,2.867
PL_09,44,490486,251.551,3.5271,3.5521,3.733,
PL_09,44,490487,150.496,3.6278,3.6623,,
PL_09,44,490488,100.706,4.876,4.8912,,
PL_09,44,490489,81.352,5.2911,5.3287,,
PL_09,44,490490,61.46,6.0949,6.1424,,
PL_09,44,490491,52.371,6.1841,6.172,,
PL_09,44,490492,41.892,6.5642,6.5685,,
PL_09,44,490493,31.567,6.9529,6.9736,,
PL_09,44,490494,21.828,6.9943,7.049,,
PL_09,44,490495,11.734,7.0527,7.1242,7.266,
PL_09,44,490496,2.807,7.0757,7.1318,,
PL_09,44,490497,2.541,7.1074,7.1283,,
NEC_09,45,490498,89.315,5.5376,5.5598,5.72,
NEC_09,45,490499,77.172,5.5637,5.5877,,
NEC_09,45,490500,60.563,5.7491,5.8051,,
NEC_09,45,490501,51.03,5.9623,6.0029,,
NEC_09,45,490502,42.416,6.0162,6.0861,,
NEC_09,45,490503,33.342,6.0739,6.1168,,
NEC_09,45,490504,22.833,6.3666,6.4121,,
NEC_09,45,490505,12.48,6.7076,6.7188,6.892,
NEC_09,45,490506,2.605,6.8348,6.908,,
NEC_09,45,490507,2.782,6.8924,6.9138,,
NEC_07,46,490508,217.859,3.6556,3.6719,3.818,3.812
NEC_07,46,490509,176.108,3.6515,3.6876,,
NEC_07,46,490510,152.022,3.6299,3.675,,
NEC_07,46,490511,126.595,4.5239,4.5575,,
NEC_07,46,490512,100.594,4.8115,4.8406,,
NEC_07,46,490513,75.427,5.3883,5.4195,,
NEC_07,46,490514,62.483,5.5775,5.6299,,
NEC_07,46,490515,51.539,6.6464,6.6695,,
NEC_07,46,490516,41.629,7.0424,7.0443,,
NEC_07,46,490517,32.092,6.9855,7.0245,,
NEC_07,46,490518,22.973,7.1462,7.1711,,
NEC_07,46,490519,12.246,7.1687,7.1664,7.313,
NEC_07,46,490520,3.586,7.1042,7.1771,,
NEC_07,46,490521,3.568,7.1322,7.1724,,
NEC_05,47,490522,230.321,3.7075,3.737,3.878,0.32
NEC_05,47,490523,176.123,4.0835,4.1297,,
NEC_05,47,490524,151.76,4.4448,4.4776,,
NEC_05,47,490525,124.984,4.9017,4.96,,
NEC_05,47,490526,101.608,5.5667,5.6289,,
NEC_05,47,490527,76.566,6.041,6.0856,,
NEC_05,47,490528,62.059,6.6943,6.804,,
NEC_05,47,490529,52.954,6.9997,7.0535,,
NEC_05,47,490530,41.198,7.3609,7.4341,,
NEC_05,47,490531,32.114,7.5679,7.6523,,
NEC_05,47,490532,22.481,7.598,7.6756,,
NEC_05,47,490533,12.783,7.6053,7.6644,7.758,
NEC_05,47,490534,3.279,7.607,7.6703,,
NEC_05,47,490535,4.057,7.5889,7.6618,,
NEC_03,48,490536,210.176,3.9121,3.9498,4.062,4.064
NEC_03,48,490537,176.938,4.0027,4.0358,,
NEC_03,48,490538,151.49,4.4863,4.5453,,
NEC_03,48,490539,125.853,4.9877,5.0602,,
NEC_03,48,490540,99.456,5.344,5.419,,
NEC_03,48,490541,77.679,5.3849,5.4716,,
NEC_03,48,490542,63.333,5.858,5.9191,,
NEC_03,48,490543,51.521,6.9487,7.0024,,
NEC_03,48,490544,42.871,7.3564,7.4404,,
NEC_03,48,490545,32.89,7.5116,7.565,,
NEC_03,48,490546,23.074,7.5687,7.6531,,
NEC_03,48,490547,12.709,7.5738,7.6569,7.543,
NEC_03,48,490548,3.976,7.6062,7.6308,,
NEC_03,48,490549,3.689,7.5757,7.6336,,
NEC_01,49,490550,92.967,5.3762,5.4283,5.574,5.578
NEC_01,49,490551,76.596,6.0429,6.0962,,
NEC_01,49,490552,62.036,7.1402,7.1776,,
NEC_01,49,490553,52.207,7.4742,7.5065,,
NEC_01,49,490554,42.161,7.5094,7.5321,,
NEC_01,49,490555,32.215,7.4813,7.5532,,
NEC_01,49,490556,21.831,7.5958,7.6108,,
NEC_01,49,490557,12.223,7.5701,7.6231,7.767,
NEC_01,49,490558,2.901,7.5638,7.6207,,
NEC_01,49,490559,2.873,7.5741,7.6408,,
NEC_02,52,490560,198.651,3.8796,3.907,4.059,
NEC_02,52,490561,176.936,3.9644,4.0187,,
NEC_02,52,490562,150.756,4.3166,4.3655,,
NEC_02,52,490563,125.617,4.6259,4.6388,,
NEC_02,52,490564,101.1,5.0725,5.1231,,
NEC_02,52,490565,77.943,5.2937,5.3313,,
NEC_02,52,490566,62.717,5.3654,5.3818,,
NEC_02,52,490567,52.518,5.4927,5.5144,,
NEC_02,52,490568,42.936,5.6648,5.7291,,
NEC_02,52,490569,32.438,6.2548,6.2843,,
NEC_02,52,490570,22.985,7.3134,7.3764,,
NEC_02,52,490571,12.549,7.409,7.4831,7.604,7.595
NEC_02,52,490572,2.673,7.5428,7.5842,,
NEC_02,52,490573,3.336,7.5781,7.5887,,
NEC_04,53,490574,220.651,3.704,3.7229,3.896,
NEC_04,53,490575,176.498,3.7781,3.808,,
NEC_04,53,490576,152.655,4.1156,4.1744,,
NEC_04,53,490577,125.864,4.5591,4.622,,
NEC_04,53,490578,101.543,5.1053,5.131,,
NEC_04,53,490579,78.356,5.4534,5.4738,,
NEC_04,53,490580,62.104,5.8866,5.9552,,
NEC_04,53,490581,52.616,6.0574,6.0967,,
NEC_04,53,490582,42.967,6.421,6.4802,,
NEC_04,53,490583,33.531,7.3413,7.4116,,
NEC_04,53,490584,23.569,7.5866,7.6338,,
NEC_04,53,490585,12.687,7.6246,7.6536,5.716,5.658
NEC_04,53,490586,3.016,7.5926,7.6122,,
NEC_04,53,490587,3.044,7.5473,7.6172,,
NEC_06,56,490588,221.473,3.6728,3.6939,3.285,
NEC_06,56,490589,177.209,3.661,3.6909,,
NEC_06,56,490590,152.028,4.1755,4.2145,,
NEC_06,56,490591,126.064,4.7754,4.7974,,
NEC_06,56,490592,99.645,5.5159,5.5457,,
NEC_06,56,490593,77.791,5.8861,5.9235,,
NEC_06,56,490594,62.168,5.9171,5.9619,,
NEC_06,56,490595,52.899,6.2022,6.2322,,
NEC_06,56,490596,42.584,6.9111,6.9118,,
NEC_06,56,490597,32.692,7.0909,7.1432,,
NEC_06,56,490598,32.992,7.1107,7.1615,,
NEC_06,56,490599,32.587,7.0882,7.1479,,
NEC_06,56,490600,22.494,7.1501,7.1921,,
NEC_06,56,490601,12.647,7.156,7.2069,7.347,7.349
NEC_06,56,490602,3.404,7.1549,7.2159,,
NEC_06,56,490603,3.305,7.1909,7.2055,,
NEC_08,57,490604,199.95,3.7673,3.7975,2.564,
NEC_08,57,490605,175.39,3.8162,3.8312,,
NEC_08,57,490606,149.644,3.7447,3.7601,,
NEC_08,57,490607,126.183,3.8042,3.8327,,
NEC_08,57,490608,100.806,4.5349,4.5776,,
NEC_08,57,490609,77.309,5.4762,5.5107,,
NEC_08,57,490610,61.861,5.9636,5.9931,,
NEC_08,57,490611,51.592,6.5622,6.6075,,
NEC_08,57,490612,41.689,6.7032,6.7372,,
NEC_08,57,490613,31.657,6.7405,6.7896,,
NEC_08,57,490614,21.696,6.8032,6.8213,,
NEC_08,57,490615,11.789,6.9714,7.0133,7.147,7.147
NEC_08,57,490616,3.552,7.1144,7.1779,,
NEC_08,57,490617,2.994,7.1156,7.17,,
NEC_10,61,490618,86.923,5.8122,5.8475,6.03,
NEC_10,61,490619,77.779,5.8169,5.8325,,
NEC_10,61,490620,62.792,5.8384,5.8826,,
NEC_10,61,490621,52.663,5.902,5.8982,,
NEC_10,61,490622,43.089,5.9745,6.0147,,
NEC_10,61,490623,32.663,6.0538,6.0647,,
NEC_10,61,490624,22.498,6.2277,6.2914,,
NEC_10,61,490625,12.758,6.553,6.5744,5.112,4.31
NEC_10,61,490626,3.173,6.6488,6.6614,,
NEC_10,61,490627,3.499,6.6651,6.6693,,
BBL_07,62,490628,1886.757,5.8863,5.8823,6.144,
BBL_07,62,490629,1508.94,5.9274,5.9194,6.138,
BBL_07,62,490630,1005.469,5.6613,5.6714,,
BBL_07,62,490631,750.519,5.2993,5.3101,,
BBL_07,62,490632,505.426,4.728,4.7434,,
BBL_07,62,490633,252.197,3.9199,3.9189,4.084,
BBL_07,62,490634,147.157,4.6006,4.6081,,
BBL_07,62,490635,100.601,5.8637,5.8656,,
BBL_07,62,490636,84.304,6.1017,6.1481,,
BBL_07,62,490637,64.523,6.5864,6.6155,,
BBL_07,62,490638,51.621,6.9953,6.9996,,
BBL_07,62,490639,41.451,7.1514,7.1923,,
BBL_07,62,490640,31.223,7.3097,7.3286,,
BBL_07,62,490641,21.19,7.3107,7.361,,
BBL_07,62,490642,10.927,7.3086,7.3365,7.454,7.47
BBL_07,62,490643,2.75,7.272,7.3109,,
BBL_07,62,490644,2.812,7.2982,7.3077,,
BBL_07,62,490645,2.486,7.2863,5.7302,5.91,5.924
BBL_06,65,490645,1057.569,7.2863,5.7302,5.91,5.924
BBL_07,62,490645,2.486,7.2863,5.7302,5.91,5.924
BBL_07,62,490645,2.486,7.2863,5.7302,5.91,5.924
BBL_07,62,490645,2.486,7.2863,5.7302,5.91,5.924
BBL_06,65,490645,1057.569,7.2863,5.7302,5.91,5.924
BBL_06,65,490645,1057.569,7.2863,5.7302,5.91,5.924
BBL_06,65,490645,1057.569,7.2863,5.7302,5.91,5.924
BBL_06,65,490646,999.953,5.747,5.7367,,
BBL_06,65,490647,752.186,5.504,5.487,,
BBL_06,65,490648,505.465,4.9462,4.9643,,
BBL_06,65,490649,253.247,3.4713,3.4942,3.621,
BBL_06,65,490650,152.211,3.2804,3.3031,,
BBL_06,65,490651,101.341,4.045,4.0528,,
BBL_06,65,490652,82.286,4.3098,4.355,,
BBL_06,65,490653,62.587,5.3267,5.3112,,
BBL_06,65,490654,52.134,5.6437,5.6786,,
BBL_06,65,490655,41.832,5.9972,6.0211,,
BBL_06,65,490656,32.164,6.2271,6.2329,,
BBL_06,65,490657,22.351,6.8268,6.8476,,
BBL_06,65,490658,12.672,6.9146,6.9636,7.123,
BBL_06,65,490659,3.64,6.951,6.9886,,
BBL_06,65,490660,3.649,6.9187,6.9772,,
BBL_05,66,490661,180.636,3.6576,3.6749,3.824,3.83
BBL_05,66,490662,153.48,3.9262,3.9276,,
BBL_05,66,490663,101.206,4.8018,4.8422,,
BBL_05,66,490664,83.023,5.4859,5.5127,,
BBL_05,66,490665,63.493,5.8664,5.8999,,
BBL_05,66,490666,53.163,5.9835,6.0235,,
BBL_05,66,490667,42.981,6.0829,6.127,,
BBL_05,66,490668,33.337,6.3193,6.3481,,
BBL_05,66,490669,23.65,6.5002,6.5273,,
BBL_05,66,490670,13.063,6.7217,6.7136,6.924,
BBL_05,66,490671,2.593,6.7479,6.7627,,
BBL_05,66,490672,3.05,6.7368,6.7467,,
BBL_04,69,490673,96.069,5.7667,5.7757,5.939,5.92
BBL_04,69,490674,83.803,5.7656,5.7912,,
BBL_04,69,490675,62.807,5.8685,5.9007,,
BBL_04,69,490676,52.368,6.1449,6.1488,,
BBL_04,69,490677,42.589,6.9526,6.9791,,
BBL_04,69,490678,32.427,7.5884,7.5997,,
BBL_04,69,490679,22.489,7.6039,7.6256,,
BBL_04,69,490680,12.463,7.5438,7.6161,5.532,
BBL_04,69,490681,2.791,7.5577,7.6047,,
BBL_04,69,490682,2.588,7.5362,7.6091,,
BBL_03,70,490683,97.044,5.2377,5.2705,3.678,
BBL_03,70,490684,82.537,5.4169,5.4102,,
BBL_03,70,490685,61.94,5.8081,5.8428,,
BBL_03,70,490686,51.947,6.5889,6.6058,,
BBL_03,70,490687,42.729,7.2902,7.3044,,
BBL_03,70,490688,32.289,7.3474,7.3571,,
BBL_03,70,490689,22.289,7.3851,7.3808,,
BBL_03,70,490690,12.543,7.4268,7.4238,7.58,7.569
BBL_03,70,490691,3.386,7.3969,7.4237,,
BBL_03,70,490692,3.761,7.4121,7.4234,,
BBL_02,73,490693,115.657,5.3797,5.4198,4.569,4.307
BBL_02,73,490694,81.916,5.6484,5.6836,,
BBL_02,73,490695,60.886,6.7632,6.7822,,
BBL_02,73,490696,52.744,7.1305,7.1298,,
BBL_02,73,490697,42.649,7.2588,7.3118,,
BBL_02,73,490698,32.203,7.5065,7.5066,,
BBL_02,73,490699,22.665,7.6249,7.6701,,
BBL_02,73,490700,12.036,7.7286,7.7364,7.869,
BBL_02,73,490701,3.405,7.752,7.75,,
BBL_02,73,490702,2.761,7.7118,7.7552,,
BBL_01,74,490703,55.896,7.186,7.2263,5.268,
BBL_01,74,490704,52.816,7.2133,7.2197,,
BBL_01,74,490705,42.058,7.1998,7.2426,,
BBL_01,74,490706,32.384,7.5299,7.579,,
BBL_01,74,490707,22.536,7.3046,7.3917,,
BBL_01,74,490708,12.396,7.668,7.6825,7.843,7.848
BBL_01,74,490709,2.772,7.6681,7.6555,,
BBL_01,74,490710,2.532,7.6247,7.6382,,
HL_01,77,490711,82.887,7.1467,7.2354,7.338,
HL_01,77,490712,63.096,7.1955,7.2699,,
HL_01,77,490713,52.752,7.5059,7.5491,,
HL_01,77,490714,43.096,7.5765,7.6261,,
HL_01,77,490715,32.987,7.76,7.8222,,
HL_01,77,490716,23.166,7.8763,7.9214,,
HL_01,77,490717,13.022,7.9249,7.9711,8.021,7.899
HL_01,77,490718,3.757,7.8989,7.9729,,
HL_01,77,490719,3.674,7.9138,7.9634,,
HL_02,78,490720,149.394,3.9892,4.022,4.185,
HL_02,78,490721,100.116,6.3111,6.3103,,
HL_02,78,490722,82.307,6.5542,6.5931,,
HL_02,78,490723,62.71,6.8925,6.9374,,
HL_02,78,490724,53.098,7.212,7.2839,,
HL_02,78,490725,41.897,7.7094,7.7846,,
HL_02,78,490726,33.021,7.9096,7.9823,,
HL_02,78,490727,32.306,7.8972,7.9693,,
HL_02,78,490728,32.867,7.947,8.0101,,
HL_02,78,490729,21.815,8.0908,8.1561,,
HL_02,78,490730,12.486,8.0814,8.1455,8.183,8.236
HL_02,78,490731,3.577,8.139,8.1614,,
HL_02,78,490732,3.355,8.0972,8.1509,,
HL_03,85,490733,262.382,3.3788,3.4091,3.556,3.544
HL_03,85,490734,202.579,3.4244,3.4473,,
HL_03,85,490735,101.965,3.9216,3.9987,,
HL_03,85,490736,82.947,4.081,4.1177,,
HL_03,85,490737,62.573,5.1776,5.2287,,
HL_03,85,490738,52.773,6.6137,6.6742,,
HL_03,85,490739,42.302,7.4625,7.4927,,
HL_03,85,490740,32.177,7.5815,7.634,,
HL_03,85,490741,22.588,7.726,7.773,,
HL_03,85,490742,12.548,7.8429,7.8974,6.145,
HL_03,85,490743,2.602,7.8743,7.9006,,
HL_03,85,490744,2.801,7.8507,7.903,,
HL_03.3,86,490745,202.296,3.4022,3.4278,3.578,
HL_03.3,86,490746,101.142,3.6419,3.6746,,
HL_03.3,86,490747,82.899,4.0112,4.0292,,
HL_03.3,86,490748,62.237,5.1658,5.1875,,
HL_03.3,86,490749,52.048,6.1119,6.1578,,
HL_03.3,86,490750,42.24,7.1665,7.1955,,
HL_03.3,86,490751,32.94,7.5351,7.5397,,
HL_03.3,86,490752,22.721,7.7886,7.8231,,
HL_03.3,86,490753,12.689,7.7976,7.9015,5.457,6.461
HL_03.3,86,490754,2.469,7.7918,7.8514,,
HL_03.3,86,490755,2.446,7.817,7.8674,,
HL_04,89,490756,78.715,4.7374,4.7752,5.004,
HL_04,89,490757,61.687,6.448,6.4876,,
HL_04,89,490758,51.783,7.0857,7.1125,,
HL_04,89,490759,41.905,7.1217,7.1563,,
HL_04,89,490760,31.518,7.1384,7.1934,,
HL_04,89,490761,22.007,7.1668,7.1963,,
HL_04,89,490762,11.59,7.1032,7.2055,5.909,
HL_04,89,490763,3.114,7.1541,7.2132,,
HL_04,89,490764,2.838,7.1238,7.2218,,
HL_05,90,490765,93.589,4.065,4.0765,4.361,
HL_05,90,490766,61.73,4.523,4.5386,,
HL_05,90,490767,51.282,6.2502,6.2964,,
HL_05,90,490768,40.937,6.9065,6.945,,
HL_05,90,490769,30.947,7.1548,7.2075,,
HL_05,90,490770,21.883,7.3216,7.3962,,
HL_05,90,490771,11.239,7.439,7.4967,,
HL_05,90,490772,3.424,7.4337,7.5038,5.925,7.622
HL_05,90,490773,4.127,7.4348,7.4999,,
HL_05.5,93,490774,519.984,4.3689,4.4051,4.554,
HL_05.5,93,490775,254.504,2.9856,3.013,4.204,
HL_05.5,93,490776,103.926,5.2463,5.2922,,
HL_05.5,93,490777,84.438,5.502,5.5488,,
HL_05.5,93,490778,63.692,5.7212,5.7812,,
HL_05.5,93,490779,53.095,5.766,5.8164,,
HL_05.5,93,490780,44.221,5.7432,5.7868,,
HL_05.5,93,490781,34.377,5.9757,6.034,,
HL_05.5,93,490782,22.895,6.5114,6.5644,,
HL_05.5,93,490783,13.731,6.94,7.0038,7.127,
HL_05.5,93,490784,3.574,6.988,7.0143,,
HL_05.5,93,490785,2.909,6.9878,7.0246,,
HL_06,94,490786,1096.987,5.7275,5.7375,4.356,
HL_06,94,490787,1006.298,5.702,5.7337,5.934,
HL_06,94,490788,906.092,5.6353,5.6621,5.844,
HL_06,94,490789,755.409,5.4075,5.426,5.642,
HL_06,94,490790,503.035,4.6068,4.6312,3.932,
HL_06,94,490791,254.035,3.1947,3.2092,3.154,
HL_06,94,490792,154.166,3.8429,3.8845,,
HL_06,94,490793,104.485,5.1719,5.207,,
HL_06,94,490794,83.899,5.4377,5.4656,,
HL_06,94,490795,63.911,5.1868,5.2093,,
HL_06,94,490796,54.075,5.5023,5.575,5.745,
HL_06,94,490797,43.616,5.5098,5.5763,,
HL_06,94,490798,34.459,6.1209,6.1431,,
HL_06,94,490799,23.552,6.4499,6.4945,,
HL_06,94,490800,13.921,6.438,6.4975,6.671,6.68
HL_06,94,490801,3.958,6.4405,6.4821,,
HL_06,94,490802,3.244,6.4632,6.4958,,
HL_06.3,97,490803,1677.462,5.8962,5.9204,6.113,6.117
HL_06.3,97,490804,1500.554,5.9509,5.9597,,
HL_06.3,97,490805,1000.737,5.6592,5.6797,5.835,
HL_06.3,97,490806,750.398,5.3514,5.3822,,
HL_06.3,97,490807,501.298,4.3342,4.3599,4.476,
HL_06.3,97,490808,250.679,2.9275,2.9534,3.144,
HL_06.3,97,490809,150.867,4.7682,4.8021,,
HL_06.3,97,490810,100.958,5.2294,5.2683,,
HL_06.3,97,490811,83.138,5.4135,5.4661,,
HL_06.3,97,490812,63.73,5.5978,5.6436,,
HL_06.3,97,490813,53.778,5.7053,5.7492,,
HL_06.3,97,490814,43.562,5.811,5.8643,,
HL_06.3,97,490815,33.179,6.0366,6.0732,,
HL_06.3,97,490816,23.83,6.1511,6.2216,,
HL_06.3,97,490817,14.188,6.3621,6.4054,6.586,
HL_06.3,97,490818,4.269,6.3511,6.4007,,
HL_06.3,97,490819,4.59,6.344,6.4117,,
HL_06.7,98,490820,2330.75,5.94,5.9342,6.158,
HL_06.7,98,490821,2002.057,5.8827,5.8916,6.092,
HL_06.7,98,490822,1750.874,5.9334,5.9325,6.128,
HL_06.7,98,490823,1501.134,5.9347,5.9525,6.114,
HL_06.7,98,490824,1254.009,5.9052,5.9219,6.089,
HL_06.7,98,490825,1001.668,5.7991,5.7993,5.95,
HL_06.7,98,490826,751.1,5.3711,5.377,5.503,
HL_06.7,98,490827,500.795,4.2065,4.2487,4.362,
HL_06.7,98,490828,250.417,2.9758,2.9929,2.901,
HL_06.7,98,490829,151.155,4.9004,4.9237,,
HL_06.7,98,490830,98.687,5.6197,5.6619,,
HL_06.7,98,490831,84.805,5.5439,5.6,,
HL_06.7,98,490832,60.001,6.0619,6.1269,,
HL_06.7,98,490833,50.43,6.1153,6.1591,4.107,
HL_06.7,98,490834,41.534,6.1211,6.163,,
HL_06.7,98,490835,30.116,6.1162,6.1602,,
HL_06.7,98,490836,20.878,6.1463,6.1764,,
HL_06.7,98,490837,11.09,6.1245,6.1773,4.538,4.684
HL_06.7,98,490838,5.151,6.1272,6.168,,
HL_06.7,98,490839,6.512,6.1275,6.1671,,
HL_07,101,490840,2800.02,6.0147,5.9948,6.287,6.256
HL_07,101,490841,2004.335,5.9213,5.9208,6.137,
HL_07,101,490842,1753.331,5.9102,5.8996,6.118,
HL_07,101,490843,1500.674,5.9534,5.9571,6.144,
HL_07,101,490844,1249.34,5.9041,5.92,6.091,
HL_07,101,490845,997.962,5.6593,5.6873,5.855,
HL_07,101,490846,751.907,5.2846,5.3095,5.452,
HL_07,101,490847,502.157,4.3578,4.3836,3.182,
HL_07,101,490848,251.107,2.9717,2.9859,2.467,
HL_07,101,490849,155.655,4.9854,5.0146,,
HL_07,101,490850,102.317,5.2946,5.3337,,
HL_07,101,490851,85.946,5.2793,5.3261,,
HL_07,101,490852,61.346,5.5393,5.6017,,
HL_07,101,490853,51.877,5.6426,5.6672,5.117,
HL_07,101,490854,41.372,5.7191,5.7538,,
HL_07,101,490855,31.663,5.9032,5.9736,,
HL_07,101,490856,21.644,6.2459,6.2701,,
HL_07,101,490857,11.722,6.2529,6.286,3.991,
HL_07,101,490858,2.616,6.2846,6.2852,,
HL_07,101,490859,2.75,6.2204,6.2968,,
SIB_01,102,490860,1887.728,5.9119,5.8834,6.095,
SIB_01,102,490861,1500.155,5.874,5.8728,,
SIB_01,102,490862,1002.177,5.646,5.6727,,
SIB_01,102,490863,751.5,5.3533,5.3609,,
SIB_01,102,490864,498.666,4.3905,4.4165,,
SIB_01,102,490865,252.569,2.9995,3.023,,
SIB_01,102,490866,152.705,3.9369,3.989,,
SIB_01,102,490867,102.292,5.2751,5.314,,
SIB_01,102,490868,84.698,5.3581,5.4065,,
SIB_01,102,490869,58.793,5.1488,5.2815,,
SIB_01,102,490870,48.902,5.9713,6.0161,,
SIB_01,102,490871,39.699,6.517,6.5258,,
SIB_01,102,490872,30.119,6.5345,6.575,,
SIB_01,102,490873,20.144,6.5516,6.6055,,
SIB_01,102,490874,9.764,6.5471,6.6406,6.766,
SIB_01,102,490875,3.162,6.5689,6.6461,,
SIB_01,102,490876,3.888,6.5526,6.6399,,
SIB_02,103,490877,111.438,4.3859,4.421,4.625,
SIB_02,103,490878,81.511,4.9281,4.9627,,
SIB_02,103,490879,63.097,5.5298,5.5927,,
SIB_02,103,490880,52.624,5.8049,5.873,,
SIB_02,103,490881,43.04,5.739,5.8388,,
SIB_02,103,490882,32.597,6.3432,6.4422,,
SIB_02,103,490883,22.46,7.0815,7.1594,,
SIB_02,103,490884,12.044,7.1038,7.1913,7.31,
SIB_02,103,490885,5.159,7.1067,7.1921,,
SIB_02,103,490886,4.696,7.1086,7.1875,,
SIB_03,104,490887,54.289,7.0388,7.0845,7.224,
SIB_03,104,490888,50.094,7.0307,7.1204,,
SIB_03,104,490889,39.883,7.151,7.1978,,
SIB_03,104,490890,30.475,7.1486,7.187,,
SIB_03,104,490891,20.237,7.1576,7.2039,,
SIB_03,104,490892,11.046,7.1682,7.198,7.344,
SIB_03,104,490893,3.476,7.1562,7.1886,,
SIB_03,104,490894,4.236,7.1673,7.1986,,
SIB_04,105,490895,42.775,7.2273,7.2564,5.049,
SIB_04,105,490896,43.289,7.221,7.2409,,
SIB_04,105,490897,32.884,7.2015,7.2529,,
SIB_04,105,490898,23.509,7.2329,7.2395,,
SIB_04,105,490899,13.166,7.2603,7.2512,7.408,
SIB_04,105,490900,3.51,7.2359,7.2562,,
SIB_04,105,490901,4.288,7.243,7.2584,,
SIB_05,106,490902,47.406,7.2305,7.2743,7.416,
SIB_05,106,490903,40.533,7.2303,7.2788,,
SIB_05,106,490904,29.936,7.2675,7.2788,,
SIB_05,106,490905,20.305,7.2256,7.2843,,
SIB_05,106,490906,10.653,7.265,7.2753,,
SIB_05,106,490907,4.183,7.2396,7.2809,4.501,
SIB_05,106,490908,3.98,7.2321,7.2721,,
SIB_09,107,490909,31.934,7.4145,7.455,7.611,
SIB_09,107,490910,31.938,7.3887,7.4627,,
SIB_09,107,490911,22.364,7.4855,7.5235,,
SIB_09,107,490912,12.279,7.5173,7.5233,5.008,
SIB_09,107,490913,4.695,7.5003,7.5294,,
SIB_09,107,490914,4.963,7.4982,7.5219,,
SIB_10,108,490915,124.239,5.3331,5.3942,3.819,
SIB_10,108,490916,101.532,5.438,5.4674,,
SIB_10,108,490917,82.266,5.8695,5.8795,,
SIB_10,108,490918,62.123,6.4511,6.4781,,
SIB_10,108,490919,52.14,7.3196,7.3284,,
SIB_10,108,490920,42.465,7.7222,7.7583,,
SIB_10,108,490921,32.161,7.7386,7.7767,,
SIB_10,108,490922,22.23,7.7326,7.7748,,
SIB_10,108,490923,12.397,7.7774,7.8229,7.974,
SIB_10,108,490924,3.115,7.8978,7.922,,
SIB_10,108,490925,3.001,7.8691,7.9283,,
SIB_11,111,490926,158.932,4.625,4.6652,4.808,
SIB_11,111,490927,103.611,4.8533,4.8487,,
SIB_11,111,490928,83.641,6.7186,6.7684,,
SIB_11,111,490929,63.999,7.4393,7.4894,,
SIB_11,111,490930,53.728,7.6321,7.6964,,
SIB_11,111,490931,43.869,7.6763,7.7206,,
SIB_11,111,490932,33.894,7.7531,7.8009,,
SIB_11,111,490933,23.81,7.7967,7.8684,,
SIB_11,111,490934,13.702,7.8237,7.8494,7.991,
SIB_11,111,490935,3.043,7.8281,7.8609,,
SIB_11,111,490936,2.988,7.8528,7.8704,,
GUL_01,113,490937,684.039,5.3093,5.339,5.543,
GUL_01,113,490938,503.083,4.7892,4.8154,,
GUL_01,113,490939,249.56,3.9258,3.9602,4.148,
GUL_01,113,490940,100.121,5.8517,5.893,,
GUL_01,113,490941,84.467,6.4116,6.4518,,
GUL_01,113,490942,64.715,7.0293,7.0642,,
GUL_01,113,490943,50.153,7.4114,7.4818,,
GUL_01,113,490944,40.752,7.5596,7.5989,,
GUL_01,113,490945,30.284,7.9547,7.9993,,
GUL_01,113,490946,20.954,7.9295,7.9831,,
GUL_01,113,490947,10.373,7.9293,7.9724,8.101,8.114
GUL_01,113,490948,3.616,7.9417,7.9572,,
GUL_01,113,490949,3.404,7.9257,7.9686,,
GULD_03,115,490950,456.914,4.5127,4.5348,4.72,4.711
GULD_03,115,490951,250.817,3.5989,3.6272,3.785,
GULD_03,115,490952,101.045,5.3523,5.3869,,
GULD_03,115,490953,82.916,6.1919,6.2598,,
GULD_03,115,490954,63.137,6.5778,6.6461,,
GULD_03,115,490955,52.376,6.7906,6.8401,,
GULD_03,115,490956,43.097,7.3316,7.3965,,
GULD_03,115,490957,32.795,7.686,7.7563,,
GULD_03,115,490958,22.809,8.0384,8.0831,,
GULD_03,115,490959,12.544,7.9955,8.0232,8.166,
GULD_03,115,490960,3.353,7.9611,8.0307,,
GULD_03,115,490961,2.535,7.9775,8.0362,,
GUL_02,116,490962,1222.445,5.6902,5.7178,5.934,5.946
GUL_02,116,490963,750.664,5.5552,5.5763,,
GUL_02,116,490964,501.598,4.9638,4.9918,,
GUL_02,116,490965,250.968,3.5491,3.5814,2.786,
GUL_02,116,490966,101.019,5.4885,5.5163,,
GUL_02,116,490967,85.028,6.1323,6.2153,,
GUL_02,116,490968,59.437,6.5907,6.6639,,
GUL_02,116,490969,48.608,6.9918,7.0306,,
GUL_02,116,490970,39.526,7.5491,7.6647,,
GUL_02,116,490971,29.278,7.984,8.035,,
GUL_02,116,490972,19.389,7.9015,7.9746,,
GUL_02,116,490973,9.54,7.9136,7.9866,5.676,
GUL_02,116,490974,2.594,7.9441,7.9782,,
GUL_02,116,490975,2.389,7.9194,7.9861,,
GUL_03,119,490976,1791.478,5.814,5.8247,6.072,6.051
GUL_03,119,490977,1500.979,5.7925,5.8001,,
GUL_03,119,490978,751.274,5.3902,5.4196,,
GUL_03,119,490979,500.781,4.7208,4.7603,,
GUL_03,119,490980,250.565,3.445,3.4589,2.976,
GUL_03,119,490981,100.806,5.4237,5.4615,,
GUL_03,119,490982,84.924,6.0462,6.0831,,
GUL_03,119,490983,60.21,6.7911,6.8543,,
GUL_03,119,490984,50.338,7.1418,7.2036,,
GUL_03,119,490985,40.3,7.4113,7.4674,,
GUL_03,119,490986,30.578,7.7703,7.8211,,
GUL_03,119,490987,20.74,8.0957,8.1307,,
GUL_03,119,490988,10.457,8.1041,8.1466,6.562,
GUL_03,119,490989,1.444,8.0889,8.141,,
GUL_03,119,490990,2.211,8.0475,8.1342,,
GUL_04,120,490991,2132.125,5.9076,5.8921,4.238,
GUL_04,120,490992,1500.537,5.8547,5.8721,,
GUL_04,120,490993,749.834,5.3374,5.366,,
GUL_04,120,490994,499.911,4.6901,4.7395,,
GUL_04,120,490995,250.554,3.6078,3.6261,2.797,
GUL_04,120,490996,103.858,4.9934,5.0215,,
GUL_04,120,490997,83.248,5.67,5.718,,
GUL_04,120,490998,63.548,7.0531,7.1291,,
GUL_04,120,490999,53.307,7.3351,7.4162,,
GUL_04,120,491000,43.841,7.6463,7.7131,,
GUL_04,120,491001,33.706,8.0101,8.032,,
GUL_04,120,491002,23.832,8.0294,8.1115,,
GUL_04,120,491003,13.887,8.0752,8.136,8.271,8.272
GUL_04,120,491004,2.786,8.0664,8.1209,,
GUL_04,120,491005,2.265,8.0994,8.1327,,
LL_09,124,491006,3774.541,6.0981,6.0598,6.376,
LL_09,124,491007,3001.735,6.08,6.0622,6.406,
LL_09,124,491008,2000.018,5.9382,5.9262,,
LL_09,124,491009,1502.324,5.9798,5.9879,,
LL_09,124,491010,1001.731,5.7692,5.7564,,
LL_09,124,491011,501.91,4.8205,4.8179,,
LL_09,124,491012,251.125,3.3141,3.3382,3.456,
LL_09,124,491013,150.775,3.8971,3.9084,,
LL_09,124,491014,101.331,4.5073,4.519,,
LL_09,124,491015,80.911,5.4171,5.4475,,
LL_09,124,491016,60.279,6.6297,6.6539,,
LL_09,124,491017,50.204,6.6529,6.6746,,
LL_09,124,491018,40.613,6.6571,6.6812,,
LL_09,124,491019,30.034,6.6636,6.684,,
LL_09,124,491020,19.818,6.6803,6.7055,,
LL_09,124,491021,11.597,6.6241,6.7118,6.912,6.904
LL_09,124,491022,2.212,6.6582,6.7149,,
LL_09,124,491023,2.145,6.7018,6.6875,,
LL_08,126,491024,2905.472,6.0341,5.9964,6.266,6.259
LL_08,126,491025,1999.295,5.8916,5.8962,,
LL_08,126,491026,1501.32,5.9738,5.9738,,
LL_08,126,491027,1001.364,5.7702,5.7716,,
LL_08,126,491028,501.225,4.5934,4.6126,,
LL_08,126,491029,250.379,3.1047,3.1283,2.757,
LL_08,126,491030,150.789,3.8155,3.844,,
LL_08,126,491031,100.702,5.6009,5.6528,,
LL_08,126,491032,80.136,6.1605,6.2033,,
LL_08,126,491033,60.14,6.4618,6.5084,,
LL_08,126,491034,50.168,6.5067,6.5424,,
LL_08,126,491035,40.083,6.5123,6.5651,,
LL_08,126,491036,29.909,6.5549,6.5383,,
LL_08,126,491037,20.109,6.5279,6.5575,,
LL_08,126,491038,10.114,6.5316,6.5826,,
LL_08,126,491039,2.581,6.5481,6.5614,,
LL_08,126,491040,3.176,6.5197,6.5679,,
LL_07,129,491041,837.965,5.4432,5.4785,4.655,
LL_07,129,491042,500.757,4.7512,4.7697,,
LL_07,129,491043,249.921,3.4316,3.4421,3.6,
LL_07,129,491044,149.936,3.8352,3.8681,,
LL_07,129,491045,99.948,5.4552,5.4655,,
LL_07,129,491046,83.335,5.9304,5.9439,,
LL_07,129,491047,63.165,6.3722,6.3991,,
LL_07,129,491048,53.582,6.502,6.5378,,
LL_07,129,491049,42.887,6.7325,6.7607,,
LL_07,129,491050,33.166,7.2837,7.3151,,
LL_07,129,491051,23.25,8.0055,8.0481,,
LL_07,129,491052,13.1,8.1161,8.1493,8.28,5.384
LL_07,129,491053,3.262,8.0544,8.1305,,
LL_07,129,491054,2.969,8.0939,8.1306,,
LL_06,130,491055,60.851,7.5734,7.5868,5.647,5.412
LL_06,130,491056,52.852,7.5604,7.5982,,
LL_06,130,491057,42.631,7.5904,7.6111,,
LL_06,130,491058,32.875,8.0003,8.0244,,
LL_06,130,491059,23.145,8.059,8.098,,
LL_06,130,491060,12.291,8.088,8.0922,6.468,
LL_06,130,491061,3.238,8.0898,8.0964,,
LL_06,130,491062,3.306,8.0909,8.0945,,
LL_05,133,491063,245.414,5.8458,5.8585,6.009,
LL_05,133,491064,102.251,6.6637,6.6826,,
LL_05,133,491065,82.608,6.7752,6.7933,,
LL_05,133,491066,62.007,7.3013,7.3242,,
LL_05,133,491067,52.773,7.5523,7.5623,,
LL_05,133,491068,43.162,7.9522,7.9817,,
LL_05,133,491069,32.639,7.9013,7.9707,,
LL_05,133,491070,22.613,7.933,7.9752,,
LL_05,133,491071,12.761,7.9561,7.9765,7.728,8.073
LL_05,133,491072,2.425,7.9653,7.985,,
LL_05,133,491073,2.135,7.9571,7.9742,,
LL_04,134,491074,98.772,6.4074,6.4298,6.58,6.576
LL_04,134,491075,82.734,6.5286,6.5539,,
LL_04,134,491076,62.399,6.7249,6.7467,,
LL_04,134,491077,53.149,7.5556,7.5806,,
LL_04,134,491078,43.271,7.853,7.8603,,
LL_04,134,491079,33.126,7.9719,7.9963,,
LL_04,134,491080,23.312,8.0301,8.0546,,
LL_04,134,491081,12.936,8.0752,8.0853,8.207,
LL_04,134,491082,2.92,8.0869,8.0782,,
LL_04,134,491083,2.906,8.0763,8.0855,,
LL_03,137,491084,137.637,5.6958,5.7106,5.85,
LL_03,137,491085,102.423,6.5148,6.4804,,
LL_03,137,491086,82.204,7.4608,7.5072,,
LL_03,137,491087,62.157,6.9664,6.9963,,
LL_03,137,491088,52.71,7.9179,7.9341,,
LL_03,137,491089,42.682,8.0749,8.0832,,
LL_03,137,491090,32.857,8.1744,8.2001,,
LL_03,137,491091,22.588,8.2553,8.2431,,
LL_03,137,491092,13.045,8.2053,8.2464,8.318,
LL_03,137,491093,2.405,8.1856,8.2179,,
LL_03,137,491094,3.084,8.2233,8.2299,,
LL_02,138,491095,137.971,5.2682,5.2598,5.459,
LL_02,138,491096,103,6.9968,7.0132,,
LL_02,138,491097,82.522,7.6582,7.662,,
LL_02,138,491098,61.947,7.8886,7.8982,,
LL_02,138,491099,52.236,7.888,7.9006,,
LL_02,138,491100,42.063,8.0889,8.1441,,
LL_02,138,491101,32.67,8.2025,8.2121,,
LL_02,138,491102,22.191,8.1882,8.2002,,
LL_02,138,491103,12.322,8.2696,8.2783,8.371,8.34
LL_02,138,491104,3.472,8.265,8.2832,,
LL_02,138,491105,2.812,8.2614,8.2813,,
LL_01,141,491106,87.422,7.9362,7.9507,,
LL_01,141,491107,82.842,7.9648,8.0052,,
LL_01,141,491108,62.152,8.1,8.1299,,
LL_01,141,491109,52.891,8.1435,8.1682,,
LL_01,141,491110,42.147,8.2382,8.2747,,
LL_01,141,491111,32.437,8.2672,8.2878,,
LL_01,141,491112,22.666,8.3543,8.3564,,
LL_01,141,491113,12.741,8.4028,8.4166,8.493,8.552
LL_01,141,491114,2.717,8.4032,8.418,,
LL_01,141,491115,3.074,8.4023,8.4042,,
STAB_01,142,491116,48.431,8.184,8.2201,6.418,
STAB_01,142,491117,48.787,8.1829,8.2227,,
STAB_01,142,491118,42.694,8.1927,8.2216,,
STAB_01,142,491119,33.164,8.2162,8.2615,,
STAB_01,142,491120,22.6,8.4523,8.4649,,
STAB_01,142,491121,12.981,8.4923,8.5183,8.618,8.622
STAB_01,142,491122,4.83,8.4386,8.474,,
STAB_01,142,491123,4.574,8.4309,8.4808,,
STAB_02,145,491124,57.18,8.253,8.2635,,
STAB_02,145,491125,52.972,8.22,8.2632,,
STAB_02,145,491126,42.474,8.2307,8.2688,,
STAB_02,145,491127,32.163,8.2653,8.2818,,
STAB_02,145,491128,23.257,8.2725,8.3102,,
STAB_02,145,491129,12.518,8.4439,8.4696,8.63,
STAB_02,145,491130,4.368,8.4882,8.5254,,
STAB_02,145,491131,4.479,8.5362,8.5327,,
STAB_03,146,491132,84.502,7.5697,7.6179,5.649,
STAB_03,146,491133,84.184,7.6155,7.6091,,
STAB_03,146,491134,62.601,7.8642,7.8864,,
STAB_03,146,491135,52.812,7.9475,7.975,,
STAB_03,146,491136,42.987,8.0637,8.0831,,
STAB_03,146,491137,32.879,8.2395,8.2911,,
STAB_03,146,491138,22.821,8.3869,8.4116,,
STAB_03,146,491139,12.289,8.3659,8.4175,8.514,8.508
STAB_03,146,491140,2.156,8.4299,8.4189,,
STAB_03,146,491141,2.576,8.4159,8.4291,,
STAB_04,149,491142,153.789,3.6647,3.6856,3.325,
STAB_04,149,491143,102.688,6.7565,6.7804,,
STAB_04,149,491144,82.99,7.5709,7.5693,,
STAB_04,149,491145,62.679,7.71,7.727,,
STAB_04,149,491146,53.024,7.9932,7.9856,,
STAB_04,149,491147,42.899,8.0599,8.1142,,
STAB_04,149,491148,32.592,8.0696,8.1332,,
STAB_04,149,491149,23.421,8.2704,8.302,,
STAB_04,149,491150,12.594,8.2516,8.3265,8.385,
STAB_04,149,491151,4.222,8.2791,8.2918,,
STAB_04,149,491152,3.215,8.266,8.3151,,
STAB_05,150,491153,363.806,2.9499,2.963,3.1,
STAB_05,150,491154,302.049,2.7666,2.7689,,
STAB_05,150,491155,200.675,3.5021,3.5368,,
STAB_05,150,491156,153.988,4.5118,4.5239,,
STAB_05,150,491157,103.691,6.9119,6.9644,,
STAB_05,150,491158,82.89,7.6036,7.6493,,
STAB_05,150,491159,63.463,7.8492,7.8659,,
STAB_05,150,491160,53.077,7.8657,7.9226,,
STAB_05,150,491161,44.057,7.8858,7.9148,,
STAB_05,150,491162,32.13,7.9782,7.9902,,
STAB_05,150,491163,23.905,8.1019,8.1112,,
STAB_05,150,491164,13.691,8.1798,8.2399,8.34,8.469
STAB_05,150,491165,3.474,8.2217,8.2966,,
STAB_05,150,491166,3.095,8.2414,8.3046,,
CSL_04,151,491167,460.646,3.2347,3.2407,3.415,3.396
CSL_04,151,491168,300.261,2.9373,2.9603,,
CSL_04,151,491169,250.811,2.9097,2.9244,2.743,
CSL_04,151,491170,203.632,2.7746,2.7829,,
CSL_04,151,491171,153.044,4.1485,4.1846,,
CSL_04,151,491172,103.19,7.1891,7.2364,,
CSL_04,151,491173,79.254,7.7591,7.8268,,
CSL_04,151,491174,62.872,7.7689,7.8104,,
CSL_04,151,491175,53.093,8.0038,8.0233,,
CSL_04,151,491176,43.074,8.1609,8.2104,,
CSL_04,151,491177,33.23,8.2709,8.3004,,
CSL_04,151,491178,23.127,8.5318,8.5482,6.595,
CSL_04,151,491179,13.197,8.5254,8.5533,,
CSL_04,151,491180,2.562,8.5268,8.5602,,
CSL_04,151,491181,3.208,8.4936,8.5506,3.235,
CSL_05,154,491182,468.694,3.3585,3.3798,,
CSL_05,154,491183,300.729,3.0057,3.018,,
CSL_05,154,491184,250.706,2.7127,2.7451,2.533,
CSL_05,154,491185,200.735,3.1504,3.1752,,
CSL_05,154,491186,150.389,3.9979,4.012,,
CSL_05,154,491187,103.401,5.6686,5.722,,
CSL_05,154,491188,82.354,7.1154,7.1359,,
CSL_05,154,491189,63.292,7.3752,7.4233,,
CSL_05,154,491190,53.811,7.5528,7.6317,,
CSL_05,154,491191,42.773,7.9396,7.9835,,
CSL_05,154,491192,33.327,8.0703,8.0997,,
CSL_05,154,491193,23.013,8.0455,8.1213,,
CSL_05,154,491194,13.62,8.0771,8.1136,7.086,
CSL_05,154,491195,3.464,8.0553,8.1115,,
CSL_05,154,491196,3.806,8.0913,8.1206,,
CSL_06,155,491197,257.423,3.1946,3.2009,3.62,3.403
CSL_06,155,491198,203.553,3.1505,3.1766,,
CSL_06,155,491199,152.739,3.9438,3.9742,,
CSL_06,155,491200,102.858,5.4105,5.4386,,
CSL_06,155,491201,82.966,5.6132,5.6423,,
CSL_06,155,491202,63.112,6.3399,6.3562,,
CSL_06,155,491203,52.838,6.5971,6.5827,,
CSL_06,155,491204,42.985,7.1451,7.1848,,
CSL_06,155,491205,32.93,7.482,7.5096,,
CSL_06,155,491206,23.123,7.8098,7.8109,,
CSL_06,155,491207,12.855,7.8672,7.8933,8.016,
CSL_06,155,491208,3.338,7.879,7.8954,,
CSL_06,155,491209,3.482,7.8527,7.8852,,
CSL_03,160,491210,353.289,2.6548,2.673,2.791,
CSL_03,160,491211,250.751,2.6139,2.6266,2.785,
CSL_03,160,491212,200.972,3.0847,3.0995,,
CSL_03,160,491213,150.632,4.0476,4.0664,,
CSL_03,160,491214,101.011,6.9719,6.9903,,
CSL_03,160,491215,82.455,7.6628,7.734,,
CSL_03,160,491216,62.717,8.3437,8.3687,,
CSL_03,160,491217,52.449,8.407,8.4561,,
CSL_03,160,491218,42.873,8.4404,8.479,,
CSL_03,160,491219,33.011,8.4841,8.517,,
CSL_03,160,491220,22.97,8.4956,8.5297,,
CSL_03,160,491221,12.686,8.5275,8.5606,6.227,6.19
CSL_03,160,491222,3.942,8.5341,8.562,,
CSL_03,160,491223,3.583,8.55,8.5605,,
